Name,Description
Winter Jasmine (Jasminum nudiflorum)," A hardy shrub that blooms with bright yellow flowers from late winter (December-February). It thrives in full sun and well-drained soil, adding a pop of color to winter gardens."
Snowdrop (Galanthus nivalis)," Known for its delicate white flowers that bloom in early winter (December-January), Snowdrops thrive in moist, well-drained soil, often appearing through the snow."
Pansy (Viola tricolor var. hortensis)," Pansies bloom in winter (December-February), offering a wide range of colors like yellow, purple, and white. They prefer cool weather and can grow well in both sun and partial shade."
Hellebore (Helleborus spp.)," Also known as the “Christmas Rose,” this plant blooms in winter (December-February) with elegant pink, purple, or white flowers. Hellebores thrive in shaded areas and well-drained soil, making them perfect for winter landscapes."
Witch Hazel (Hamamelis spp.)," This deciduous shrub produces fragrant yellow, red, or orange flowers during late winter (January-February). Witch hazel grows in full sun to partial shade and adapts well to a variety of soil types."
Winter Aconite (Eranthis hyemalis)," Winter Aconite blooms in bright yellow flowers in late winter (January). It grows best in shaded areas with moist, well-drained soil and can spread quickly, adding vibrant color in early spring."
Cyclamen (Cyclamen hederifolium)," With pink, red, or white flowers, Cyclamen thrives in cool temperatures during winter (November-February). It prefers shaded, well-drained soil and can be planted under trees or in woodland gardens."
Camellia (Camellia japonica)," This evergreen shrub produces beautiful flowers in shades of pink, red, and white in winter (December-February). It thrives in partial shade with acidic, well-drained soil, making it a favorite for shaded gardens."
Winterberry (Ilex verticillata)," Known for its bright red berries, Winterberry provides winter interest in the garden when most other plants are dormant. It prefers wet, acidic soil and does well in full sun or partial shade."
English Ivy (Hedera helix)," A hardy evergreen that grows well during the winter, English Ivy is perfect for covering walls, fences, or trellises. It thrives in shaded, moist areas and adds greenery year-round."
Holly (Ilex aquifolium)," This classic winter plant features glossy green leaves and red berries. It’s a staple of winter gardens, thriving in full sun to partial shade and well-drained soil, adding a festive touch to gardens."
Kale (Brassica oleracea)," A cold-hardy vegetable, kale thrives in winter months and can withstand light frost. It grows well in full sun and well-drained, fertile soil, providing fresh greens for winter harvests."
Thyme (Thymus vulgaris)," This hardy herb can survive through the winter months, particularly in sheltered spots. It thrives in full sun and well-drained soil, adding flavor to winter dishes."
Garlic (Allium sativum)," Garlic can be planted in the fall for a winter crop, thriving through the cold months. It prefers well-drained soil and full sun, and its bulbs are harvested in the late spring or early summer."
Winter Spinach (Spinacia oleracea)," A cool-weather vegetable, Winter Spinach is perfect for winter harvests. It prefers cool, moist soil and can be harvested throughout the colder months."
Leeks (Allium ampeloprasum)," These hardy vegetables grow well during the winter, with mild, sweet flavor. Leeks thrive in full sun and fertile, well-drained soil."
Mustard Greens (Brassica juncea), Cold-tolerant mustard greens can be harvested during the winter months. They prefer cooler temperatures and moist soil and can be grown for fresh winter salads.
Chard (Beta vulgaris)," Swiss chard grows well in mild winter conditions, remaining productive in colder temperatures. It prefers fertile, well-drained soil and adds vibrant greens to winter meals."
Frost-tolerant Cabbage (Brassica oleracea)," Some cabbage varieties are specifically bred to tolerate frost, making them ideal for winter harvests. They prefer cool weather and well-drained, fertile soil."
Winter Wheat (Triticum aestivum), This cold-hardy grain is planted in the fall and harvested in the spring. Winter wheat can withstand cold temperatures and grows well in regions with freezing winters.
Parsley (Petroselinum crispum)," A hardy herb that can survive through winter, parsley remains green even in colder climates. It thrives in cool temperatures and moist, well-drained soil."
Bergenia (Bergenia cordifolia)," Known for its large, leathery leaves, Bergenia blooms with pink or purple flowers in late winter (January-March). It prefers shaded or partially shaded areas and well-drained soil."
Lungwort (Pulmonaria spp.)," This perennial plant blooms in late winter (December-February) with blue, purple, or pink flowers. It thrives in moist, shaded areas and is particularly attractive to pollinators."
Heath (Erica carnea)," A hardy evergreen shrub that produces pink, purple, or white flowers in winter (December-February). It thrives in acidic, well-drained soil and partial sun."
Snowflake (Leucojum aestivum)," Snowflakes bloom with elegant white flowers in early winter (December). They thrive in moist, well-drained soil and are perfect for adding early color to gardens."
Viola (Viola spp.)," Some varieties of violets bloom in winter (December-February) and offer small, colorful flowers in shades of purple, blue, and yellow. They prefer cool, shaded areas and well-drained soil."
Crocus (Crocus spp.)," While typically associated with spring, certain varieties of crocus bloom in late winter (February-March). They thrive in well-drained soil and full sun, adding early color to the garden."
Lungwort (Pulmonaria spp.)," This plant can bloom in winter (December-February), providing both foliage and flowers that attract early pollinators. It thrives in shaded, moist areas."
Sweet William (Dianthus barbatus)," A biennial or short-lived perennial, Sweet William blooms in late winter or early spring (February-March) with fragrant flowers in various colors. It prefers full sun and well-drained soil."
Winter Daphne (Daphne odora)," Known for its fragrant flowers, Winter Daphne blooms in late winter (January-February) with pink or white flowers. It prefers partial shade and well-drained, slightly acidic soil."
Snowdrop Anemone (Anemone sylvestris)," This plant blooms in winter (December-February) with pure white flowers and can add beauty to shaded, moist areas."
Winter Heath (Erica carnea)," Known for its vibrant pink, red, or white flowers, Winter Heath blooms in winter (January-February) and thrives in acidic, well-drained soil."
Bamboo (Phyllostachys spp.), Some species of bamboo are hardy in winter and can provide year-round greenery and structure to gardens.
Evergreen Ferns (Polystichum spp.)," Ferns like Polystichum stay green throughout the winter, adding texture and color to gardens even in the coldest months."
Sedum (Sedum spp.)," Known for its fleshy, succulent leaves, some varieties of sedum bloom in winter, providing low-maintenance ground cover."
Winter Cress (Barbarea vulgaris)," This cold-hardy green can be harvested during winter, adding a peppery flavor to winter salads. It grows well in moist, fertile soil."
Echinacea (Echinacea purpurea)," Some species of Echinacea bloom in late winter or early spring, offering colorful flowers that attract pollinators and add beauty to the landscape."
Pine Trees (Pinus spp.)," Pine trees are iconic winter plants, providing year-round greenery and shelter for wildlife. These evergreens thrive in a variety of climates and soil types."
Juniper (Juniperus spp.)," Known for its hardy nature, Juniper remains green through the winter, providing structure and year-round color in the garden."
Magnolia (Magnolia spp.)," Some varieties of Magnolia bloom in late winter (February-March) with large, fragrant flowers. They prefer full sun and well-drained soil."
Shasta Daisy (Leucanthemum × superbum)," While often a spring-blooming plant, certain varieties of Shasta daisy may continue to bloom into the winter months in milder climates."
Pineapple Sage (Salvia elegans)," Known for its sweet fragrance and vibrant red flowers, Pineapple Sage can survive through mild winters and continues to thrive in sheltered, sunny spots."
Cabbage (Brassica oleracea)," Many varieties of cabbage are frost-tolerant and can be harvested in winter, providing cold-hardy greens for winter dishes."
Thyme (Thymus vulgaris)," A hardy herb, thyme can survive winter and even produce fresh leaves for culinary use in the cold months."
Cilantro (Coriandrum sativum)," This herb grows well in the cooler temperatures of winter, making it perfect for gardeners in colder climates."
Yarrow (Achillea millefolium)," Yarrow is a hardy perennial that can withstand winter temperatures. It blooms with bright flowers in early spring, offering a colorful start to the season."
Artemisia (Artemisia spp.)," Known for its silvery leaves, Artemisia is a hardy perennial that provides texture and structure to winter gardens."
Elderberry (Sambucus nigra)," Some varieties of elderberry remain productive during the winter months, offering food for wildlife and a source of berries for jams and syrups."
Nasturtium (Tropaeolum majus)," Nasturtiums bloom during the winter in colder climates, adding vibrant color to the winter landscape with their orange, red, or yellow flowers."
Cypress (Cupressus spp.)," This evergreen tree thrives in colder climates, offering year-round green foliage and structure to winter landscapes."
Winter Rye (Secale cereale)," A hardy grass that provides ground cover in winter months, Winter Rye is often used as a cover crop for gardens, preventing soil erosion during cold months."
Sea Kale (Crambe maritima)," A coastal perennial, Sea Kale thrives in colder climates and can be harvested during winter for its edible leaves and shoots."
Aconite (Aconitum spp.)," Known for its blue flowers, Aconite can bloom in late winter (January-February) and thrives in colder climates with well-drained soil."
Cornelian Cherry (Cornus mas), This deciduous shrub blooms in early winter (February-March) with small yellow flowers and produces edible fruit later in the season.
Bleeding Heart (Lamprocapnos spectabilis)," This perennial plant produces heart-shaped flowers in early spring but can stay dormant through the winter. It grows best in shaded, moist soil."
Bleeding Heart (Lamprocapnos spectabilis)," A winter favorite for its early spring blooms, it can endure dormancy during the winter, offering heart-shaped flowers once it warms."
Sweet Woodruff (Galium odoratum)," Known for its fragrant, star-shaped white flowers in late winter or early spring, Sweet Woodruff thrives in shaded areas."
Fennel (Foeniculum vulgare), This herb can survive through winter and can be harvested in late winter months for its aromatic foliage and seeds.
Mullein (Verbascum spp.)," Known for its tall spikes and yellow flowers, Mullein is a hardy plant that can survive mild winters and continues growing throughout the cold months."
Aubrieta (Aubrieta deltoidea)," A hardy perennial that produces bright purple or pink flowers during late winter or early spring, Aubrieta thrives in full sun and well-drained soil."
Red Twig Dogwood (Cornus sericea)," Known for its vibrant red stems in winter, Red Twig Dogwood adds color and texture to the winter garden, growing well in full sun to partial shade."
Elderflower (Sambucus nigra)," Known for its creamy white flowers and dark berries, Elderflower thrives in winter in sheltered spots, offering both ornamental and edible benefits."
Sea Buckthorn (Hippophae rhamnoides)," Known for its orange berries, Sea Buckthorn survives cold winters, thriving in poor soil while offering a unique texture and year-round interest."
Borage (Borago officinalis)," Borage is a hardy herb that can grow in winter in colder climates. It has bright blue, star-shaped flowers and is often grown for culinary or medicinal purposes."
Japanese Maple (Acer palmatum)," Some varieties of Japanese maple are hardy through the winter, providing ornamental beauty with their stunning bark and delicate, colorful leaves."
Echinacea (Echinacea purpurea)," Known for its bright daisy-like flowers, Echinacea can remain standing through the winter months, providing visual interest with its dried seed heads."
Red Currant (Ribes rubrum)," This hardy shrub survives the winter months, producing tart red berries in the summer that are used in jellies, syrups, and other preserves."
Strawberry (Fragaria × ananassa)," Some varieties of strawberries are hardy and can grow in winter, producing fruits in the early spring once the weather warms."
Thornless Blackberry (Rubus fruticosus)," Hardy enough to endure winter, these blackberries continue to provide delicious fruit in the warmer months after surviving colder conditions."
Evergreen Cineraria (Pericallis × hybrida)," This plant blooms in the winter with bright blue, purple, or white flowers. It thrives in cool climates and can withstand frost if protected."
Pineapple Guava (Feijoa sellowiana)," Known for its fruit and ornamental foliage, the pineapple guava survives winter, producing edible fruits that are enjoyed in late winter or early spring."
Sweet Pea (Lathyrus odoratus)," Although typically a spring plant, Sweet Pea can bloom in winter in warmer regions, producing sweetly scented flowers in a variety of colors."
Winter Savory (Satureja montana)," This hardy herb can survive winter and provides a strong, peppery flavor for winter cooking. It grows well in full sun and well-drained soil."
Winter Squash (Cucurbita spp.)," Certain types of squash are hardy and can be harvested in late fall or early winter, providing rich, nutritious food."
Jerusalem Artichoke (Helianthus tuberosus)," This perennial plant is hardy in cold climates, and its edible tubers are harvested in late winter. It’s a great source of energy and nutrients in winter."
Hyacinth (Hyacinthus orientalis)," Hyacinth bulbs can be forced to bloom in winter, filling the air with a sweet fragrance. These plants thrive in well-drained, sunny locations."
Wormwood (Artemisia absinthium)," Known for its silvery leaves and medicinal properties, Wormwood is a hardy perennial that thrives through winter and provides structure to the garden."
Cabbage Palm (Sabal palmetto), This palm tree can tolerate cold weather and provides architectural interest in winter gardens. It’s hardy to USDA Zone 7 and can survive harsh winters.
Freesia (Freesia spp.)," While often considered a spring flower, Freesia can bloom in winter when grown in warmer climates, providing fragrant, colorful flowers in yellow, red, or purple."
Mountain Ash (Sorbus aucuparia)," This deciduous tree is hardy in cold climates and provides ornamental berries and foliage that persist through the winter, providing food for wildlife."
Mugwort (Artemisia vulgaris), Mugwort is a hardy perennial that remains green through the winter and is used in cooking and medicinal applications.
Spinach (Spinacia oleracea)," Spinach is a cool-season vegetable that can grow through winter in colder climates. It thrives in well-drained, fertile soil and can be harvested fresh even during the coldest months."
Winter Cress (Barbarea vulgaris)," A hardy winter green that grows in cold climates, Winter Cress adds a peppery flavor to winter salads and can be harvested through the cold months."
Brussels Sprouts (Brassica oleracea var. gemmifera)," Brussels sprouts thrive in winter, growing through cold temperatures and even improving in flavor after a frost. They’re perfect for winter gardens and are harvested in late winter."
Siberian Iris (Iris sibirica)," Known for its beautiful blue or purple flowers, the Siberian Iris can bloom in late winter or early spring, adding color and beauty to the garden."
Winter Heliotrope (Petasites hybridus)," This hardy perennial blooms in late winter (February-March), producing pink or purple flowers that are highly fragrant and attract pollinators."
Fennel (Foeniculum vulgare)," Fennel is a hardy herb that can survive through the winter, with its feathery foliage providing structure to the garden. The bulbs can be harvested and used in winter dishes."
Pachysandra (Pachysandra terminalis)," A low-growing evergreen, Pachysandra thrives in shaded, moist areas, remaining green throughout the winter months and adding year-round interest to gardens."
English Lavender (Lavandula angustifolia)," Some varieties of lavender are hardy and can survive through the winter, providing fragrance and attracting pollinators when other plants are dormant."
Asparagus (Asparagus officinalis)," Asparagus is a perennial vegetable that can survive cold winters and is harvested in early spring. It prefers well-drained soil and full sun, making it perfect for winter gardens in colder climates."
Kale (Brassica oleracea)," Kale is an incredibly hardy winter vegetable that thrives in cold temperatures and can be harvested throughout the winter, adding nutritious greens to the winter diet."
Poppy (Papaver spp.)," Some varieties of poppy bloom in late winter or early spring, providing bright color in the garden during the winter months."
Bermuda Grass (Cynodon dactylon)," Though it thrives in warmer weather, certain strains of Bermuda grass are resistant to winter and can grow in milder winter climates, providing lush ground cover."
Periwinkle (Vinca minor), This evergreen ground cover plant remains green through the winter months and can be planted in shaded areas to maintain year-round color in the garden.
Golden Saxifrage (Chrysosplenium alternifolium)," A perennial that blooms during the winter months, Golden Saxifrage produces bright yellow flowers and thrives in moist, shaded environments."
Bamboo (Phyllostachys spp.)," Hardy varieties of bamboo can survive winter and remain green, offering privacy, texture, and structure to garden spaces year-round."
Bluebell (Hyacinthoides non-scripta)," Known for its fragrant blue flowers, Bluebells can bloom early in the winter months in warmer climates, adding color to gardens."
Blue Spruce (Picea pungens)," This evergreen tree provides year-round green foliage and can withstand freezing temperatures, offering a stunning visual throughout the winter."
Creeping Jenny (Lysimachia nummularia)," A hardy perennial that thrives in winter, Creeping Jenny adds a touch of greenery to winter gardens, with its small, rounded leaves growing low to the ground."
Yew (Taxus spp.), Yew trees are incredibly hardy and can survive through even the harshest winters. These evergreens provide year-round color and are often used as hedges or ornamental trees.
Common Heather (Calluna vulgaris)," A hardy evergreen shrub that blooms in winter, producing pink, purple, or white flowers. It thrives in acidic soil and can add color to winter landscapes."
Chrysanthemum (Chrysanthemum morifolium)," Many varieties of chrysanthemums bloom late into the winter, offering bright, colorful flowers and a splash of warmth in colder months."
Winterberry (Ilex verticillata)," A deciduous holly that loses its leaves in winter but retains bright red berries, which add a pop of color to winter gardens and provide food for wildlife."
Grape Hyacinth (Muscari spp.)," These small bulbs bloom early in the spring but are often forced to bloom in winter in colder climates, producing clusters of blue or purple bell-shaped flowers."
Lungwort (Pulmonaria spp.)," Known for its spotted leaves and early spring flowers, Lungwort can start blooming in late winter, providing early color in the garden with its pink, blue, or purple flowers."
Heuchera (Heuchera spp.)," Often called coral bells, these perennials have vibrant foliage that stays attractive throughout the winter, providing texture and color to the garden."
Winter Jasmine (Jasminum nudiflorum)," This hardy shrub produces bright yellow flowers in the dead of winter, offering a cheerful burst of color against snowy landscapes."
Aloe Vera (Aloe barbadensis miller)," In warmer climates or under protective covers, Aloe Vera can survive winter and continue to provide its soothing, medicinal gel from its leaves."
Boxwood (Buxus spp.)," A well-known evergreen shrub, Boxwood retains its green foliage through the winter, adding structure to gardens and is often used for hedging and topiary."
Primrose (Primula spp.)," Some varieties of primrose bloom in early winter or late fall, offering bright, colorful flowers in shades of yellow, pink, or purple, perfect for winter gardens."
Sedum (Sedum spp.)," Known for its fleshy leaves, Sedum remains attractive through the winter months. It has upright stems with dried flowers that provide visual interest during the colder season."
Larch (Larix spp.)," Unlike most conifers, Larch trees shed their needles in the winter but remain standing, providing architectural structure to a winter landscape."
Calendula (Calendula officinalis)," This hardy annual often continues blooming through the winter in mild climates, adding sunny, orange or yellow flowers to winter gardens."
Scabiosa (Scabiosa spp.)," Known as pincushion flowers, these perennials bloom in the late winter or early spring, offering beautiful blue, purple, or white flowers to brighten the garden."
Bergenia (Bergenia spp.)," Often referred to as “elephant ears,” Bergenia has thick, leathery leaves that remain green during the winter months. Its flowers bloom in early spring, but the foliage offers texture all winter."
Snowdrop (Galanthus nivalis)," One of the earliest bloomers of the year, Snowdrop flowers start blooming in late winter, pushing through the snow to reveal their small white, nodding flowers."
Hellebore (Helleborus spp.)," Also known as the Christmas rose or Lenten rose, Hellebore blooms in late winter, producing beautiful, nodding flowers in shades of white, pink, or purple."
Japanese Spurge (Pachysandra terminalis)," This evergreen ground cover plant thrives in shady, moist areas, providing year-round greenery and helps prevent soil erosion during the winter months."
Witch Hazel (Hamamelis spp.)," Known for its unique, spidery yellow or red flowers that bloom in winter, Witch Hazel adds color and fragrance to the winter garden."
Hardy Cyclamen (Cyclamen spp.)," A winter-blooming flower that thrives in cool temperatures, Hardy Cyclamen produces vibrant flowers in shades of pink, purple, and white in winter months."
Sweet Violet (Viola odorata)," Known for its fragrant flowers, Sweet Violet blooms in late winter or early spring, adding a lovely scent to the garden and attracting pollinators."
Silver Birch (Betula pendula)," A deciduous tree known for its striking white bark and delicate, drooping branches, Silver Birch provides year-round interest, especially in winter when its bark stands out against snow."
Ginseng (Panax ginseng)," Ginseng is a hardy herb that can survive through winter and is often grown for its medicinal roots, which are harvested after several years of growth."
Japanese Anemone (Anemone hupehensis)," This perennial can bloom into early winter in milder climates, with pink or white flowers adding color to late-season gardens."
Frost-Tolerant Pansies (Viola tricolor var. hortensis)," Known for their colorful flowers, Pansies can bloom through the winter in areas with mild temperatures, offering vibrant hues in the garden."
Alder (Alnus spp.)," Alders are deciduous trees that are hardy in colder climates and retain their catkins during the winter, providing food for wildlife."
Fothergilla (Fothergilla spp.)," A shrub that offers fragrant, bottlebrush-like white flowers in early spring and colorful foliage that lasts through the winter."
Creeping Thyme (Thymus serpyllum)," A low-growing herb that thrives in winter and provides an aromatic ground cover, Creeping Thyme can also tolerate foot traffic and adds fragrance to gardens."
Evergreen Dogwood (Cornus canadensis)," This ground-covering dogwood remains green throughout the winter months, with tiny white flowers blooming in early spring."
Black-eyed Susan (Rudbeckia hirta)," Known for their daisy-like yellow flowers, Black-eyed Susans can bloom into the winter months in some regions, providing cheerful blooms during colder weather."
Autumn Joy Sedum (Sedum ‘Autumn Joy’)," This hardy perennial retains its shape through the winter, with its dried flower heads adding interest to the garden even after blooming has ended."
California Lilac (Ceanothus spp.)," Known for its vibrant blue or purple flowers, California Lilac can bloom late into winter in milder climates, providing color and texture to the garden."
Bird’s Nest Fern (Asplenium nidus)," A hardy fern that can tolerate cooler conditions, Bird’s Nest Fern offers lush, green foliage throughout the winter months."
Purple Coneflower (Echinacea purpurea)," Known for its daisy-like flowers with purple petals, the Purple Coneflower blooms into winter in milder climates, attracting pollinators and providing visual interest."
Bittercress (Cardamine hirsuta)," A cool-season herb that grows well in the winter, Bittercress is often used in salads, providing a peppery flavor during the cold months."
Mimosa (Mimosa pudica)," Some varieties of Mimosa are hardy enough to endure winter and continue growing in warmer regions, offering bright pink flowers and soft, feathery foliage."
Red Maple (Acer rubrum)," A deciduous tree known for its vibrant red flowers that bloom in the late winter or early spring, Red Maple provides striking color before the leaves appear."
Wintergreen (Gaultheria procumbens)," This low-growing evergreen plant produces red berries in the winter, providing a pop of color and offering medicinal properties in addition to visual appeal."
Cedar (Cedrus spp.)," A hardy evergreen tree, Cedar trees maintain their lush green needles throughout the winter, offering year-round structure and beauty to winter landscapes."
Yarrow (Achillea millefolium)," Yarrow remains resilient through winter, providing texture with its fine, fern-like leaves and bright flowers that bloom early in the spring.:"
Lavender Cotton (Santolina chamaecyparissus), A hardy evergreen shrub that produces bright yellow button-like flowers in late winter or early spring and has aromatic gray-green foliage.
Oregano (Origanum vulgare)," A hardy herb that grows well in winter in cooler climates. It has fragrant leaves that are often used in cooking, especially in Mediterranean dishes."
Winter Jasmine (Jasminum nudiflorum)," This deciduous shrub blooms in the winter with yellow flowers, adding color and fragrance to gardens when most other plants are dormant."
Hollyhock (Alcea rosea)," Some varieties of hollyhocks bloom late into the winter in milder climates, offering tall, colorful spikes of flowers in shades of pink, red, and white."
Winter Aconite (Eranthis hyemalis)," A small bulb that blooms early in the winter, producing bright yellow flowers that resemble buttercups, adding cheerful color to cold landscapes."
Pink Muhly Grass (Muhlenbergia capillaris)," Known for its striking pink or purple tufts, this ornamental grass blooms in late winter and can add texture and movement to the garden even in cold weather."
Persian Shield (Strobilanthes dyerianus)," This tropical perennial has striking purple and silver foliage that can withstand winter temperatures in warmer climates, providing year-round color."
Snowbell (Styrax japonicus)," A small deciduous tree that produces delicate white flowers in late winter, often followed by decorative fruit and fragrant foliage."
Virginia Creeper (Parthenocissus quinquefolia)," A hardy, deciduous vine that thrives in winter, providing brilliant red foliage that adds color to the garden during the colder months."
Sand Verbena (Abronia spp.)," This hardy desert plant can survive cold winter temperatures, producing colorful flowers in purple, pink, or yellow."
Common Sage (Salvia officinalis)," A hardy herb that remains green through the winter months, offering aromatic leaves that can be harvested and used in winter cooking."
False Spirea (Astilbe spp.)," Known for its fluffy, fern-like flowers, False Spirea can bloom late in the winter months, producing pink or white flowers that add texture and interest to the garden."
Strawflower (Helichrysum bracteatum)," These plants produce vibrant, papery flowers in the winter and are known for their ability to retain their color for a long time, making them popular in dried floral arrangements."
Himalayan Blue Poppy (Meconopsis betonicifolia), This rare perennial produces large blue flowers and can bloom in winter or early spring in cold climates.
Wild Ginger (Asarum canadense)," A hardy ground cover that thrives in winter, providing heart-shaped leaves that stay green and attractive throughout the colder months."
Winter Pansy (Viola x wittrockiana)," A popular winter flower, Winter Pansies can bloom through the colder months, providing bright, colorful flowers in shades of purple, yellow, and white."
Hardy Fuchsia (Fuchsia spp.)," Certain varieties of Fuchsia can survive winter temperatures and produce beautiful hanging flowers in shades of pink, purple, and red."
Arctic Willow (Salix arctica)," A small, hardy shrub that grows in cold climates, Arctic Willow thrives in winter, providing texture and interest with its silvery foliage."
Grape Hyacinth (Muscari spp.)," This perennial bulb can bloom in early winter in cold climates, producing small, fragrant clusters of blue or purple flowers that attract pollinators."
Chilean Jasmine (Mandevilla spp.)," This tropical plant can be grown as a winter-blooming vine in milder climates, producing large, fragrant flowers in shades of white, pink, or red."
Winter Sweet (Chimonanthus praecox)," This deciduous shrub blooms in late winter with sweetly fragrant yellow flowers, often before the leaves appear, making it a striking addition to the winter garden."
Red-leafed Japanese Maple (Acer palmatum)," Some varieties of Japanese maple maintain their red or purple foliage through winter, adding rich color to gardens even in colder months."
Blue Globe Thistle (Echinops ritro)," This hardy perennial produces blue spherical flowers that bloom late in the winter months, providing a dramatic look and attracting bees."
Moss Phlox (Phlox subulata)," A low-growing perennial that blooms early in the winter, Moss Phlox offers colorful flowers in shades of pink, purple, or white, and its evergreen foliage adds year-round interest."
Chinese Lantern (Physalis alkekengi)," Known for its bright orange, lantern-shaped fruit husks, Chinese Lantern can persist through winter, adding an interesting texture and color to the garden."
Yellow Archangel (Lamium galeobdolon)," A hardy ground cover with silver-green leaves and yellow flowers, Yellow Archangel thrives in winter, offering a pop of color in shaded areas."
Christmas Cactus (Schlumbergera spp.)," A popular winter-blooming houseplant, Christmas Cactus produces colorful blooms in shades of red, pink, or white during the holiday season."
Dogwood (Cornus spp.)," Known for its colorful stems and berries, the Dogwood tree can survive the winter months and add visual interest through its bright red or yellow bark."
Hops (Humulus lupulus)," A perennial vine that can survive winter, Hops plants have cones that can be used to brew beer and can provide texture to trellises and fences during colder months."
Creeping Jenny (Lysimachia nummularia), This low-growing perennial spreads through the garden and provides vibrant green foliage that remains attractive throughout the winter months.
Golden Seal (Hydrastis canadensis)," Known for its medicinal roots, Golden Seal is a hardy perennial that can survive winter and is often found in woodland areas."
Clematis (Clematis spp.)," Some varieties of Clematis can bloom late in the winter or early spring, producing large, colorful flowers in shades of blue, purple, and white."
Sundew (Drosera spp.)," This carnivorous plant can survive winter in cold climates, producing tiny, dewy flowers and helping control insect populations in the garden."
Fuchsia Magellanica (Fuchsia spp.)," A hardy variety of Fuchsia, it can tolerate cold temperatures and continues to bloom with vibrant red and purple flowers throughout the winter."
Wood Anemone (Anemone nemorosa)," A delicate, low-growing perennial that blooms in early spring, Wood Anemone can start flowering in late winter in some climates, offering white or purple flowers."
Tiarella (Tiarella cordifolia)," Known for its foamy white flowers and attractive foliage, Tiarella is a perennial that remains evergreen through the winter months, providing texture and interest."
Golden Pothos (Epipremnum aureum)," A hardy indoor plant that can survive winter in cool indoor conditions, Golden Pothos has trailing vines and variegated heart-shaped leaves."
Red-leafed Coral Bells (Heuchera sanguinea), This perennial has stunning red leaves and produces delicate bell-shaped flowers in late winter or early spring.
Ornamental Cabbage (Brassica oleracea)," Ornamental cabbages and kales are used for winter landscaping, providing bright, colorful foliage in shades of purple, pink, and green."
Star Jasmine (Trachelospermum jasminoides)," Known for its fragrant, white flowers, Star Jasmine can survive the winter in warmer regions, providing a touch of elegance to the garden."
#VALUE!,#VALUE!
#VALUE!,#VALUE!
Hops (Humulus lupulus)," A hardy vine that thrives in winter, producing unique cones used in brewing beer, adding structure and texture to garden trellises and fences."
Winter Mums (Chrysanthemum x morifolium)," These late-blooming chrysanthemums can provide a burst of color in the winter months, often in hues of yellow, orange, or red, perfect for garden beds."
Tough Yucca (Yucca spp.)," Known for its spiky foliage and striking flower stalks, the Yucca plant is hardy in winter and can add a sculptural element to gardens, especially in arid climates."
Siberian Iris (Iris sibirica)," This perennial flower blooms late in the winter or early spring, offering blue or purple flowers that create a stunning contrast against the cold landscape."
Evergreen Ferns (Polystichum spp.)," Hardy ferns that retain their fronds throughout winter, bringing a lush, green texture to garden beds, especially in shady areas."
Creeping Thyme (Thymus serpyllum)," A low-growing herb that provides aromatic, evergreen foliage through the winter and is also drought-tolerant and attracts pollinators."
Winter Honeysuckle (Lonicera fragrantissima)," A hardy, deciduous shrub that blooms in the winter with fragrant, creamy-white flowers, adding fragrance and beauty to the cold months."
Pacific Rhododendron (Rhododendron macrophyllum)," Known for its large, glossy leaves, this evergreen shrub produces pink flowers in late winter or early spring, providing a burst of color."
Korean Spice Viburnum (Viburnum carlesii), This deciduous shrub blooms in late winter with clusters of fragrant white to pink flowers that transition to red or purple foliage in fall.
Bluebell (Hyacinthoides non-scripta)," Known for its bell-shaped flowers, the Bluebell can bloom in early winter, with shades of blue, purple, or white offering a delicate touch to gardens."
Winterberry Holly (Ilex verticillata), This deciduous shrub loses its leaves in winter but retains vibrant red berries that brighten the landscape and provide food for birds.
St. John’s Wort (Hypericum perforatum)," Known for its bright yellow flowers, St. John’s Wort can bloom late into winter in milder climates, adding a cheerful note to the landscape."
Bitterbrush (Purshia tridentata)," A drought-tolerant shrub that blooms in late winter, producing yellow flowers and adding a rugged, desert-like charm to winter gardens."
Mountain Ash (Sorbus aucuparia)," Known for its clusters of red berries, this deciduous tree thrives in colder climates and provides visual interest in winter when its berries attract wildlife."
Elderberry (Sambucus nigra)," A hardy shrub that retains its structure through winter, Elderberry produces clusters of tiny white flowers in early spring and attracts pollinators and birds."
Creeping Jenny (Lysimachia nummularia)," A hardy groundcover that remains green in winter, Creeping Jenny thrives in moist, shaded areas and provides a bright, golden hue."
Star of Bethlehem (Ornithogalum umbellatum)," A hardy bulb that produces clusters of white flowers early in the winter months, bringing brightness to garden beds."
Vinca Minor (Lesser Periwinkle)," This evergreen ground cover has green foliage throughout winter and produces blue or purple flowers in early spring, making it a reliable winter addition."
Cabbage Palm (Sabal palmetto)," A resilient palm tree that can survive in colder climates and provides a tropical appearance even during winter months, offering bold, fan-like fronds."
Pasque Flower (Anemone patens)," One of the first flowers to bloom in early spring, Pasque flowers can also bloom in late winter, offering delicate purple or white flowers with feathery foliage."
Cowslip (Primula veris)," A perennial that blooms early in the winter, offering yellow or orange flowers that are commonly used in herbal medicine."
Moss Phlox (Phlox subulata)," Known for its dense mat of colorful flowers, Moss Phlox thrives in winter and provides vibrant hues of purple, pink, or white."
Purple Coneflower (Echinacea purpurea)," This perennial can bloom late into winter in some climates, with bright purple petals and a distinctive central cone, often attracting pollinators."
Dogwood (Cornus spp.)," A hardy tree or shrub with colorful stems that retain their vibrant hues through winter, providing visual interest and texture."
Giant Snowdrop (Galanthus elwesii)," A larger variety of the traditional Snowdrop, this plant pushes through snow and blooms early in the winter, offering large white flowers."
Snowbell (Styrax japonicus)," Known for its delicate white flowers that bloom in late winter, Snowbell trees provide a beautiful contrast against the snowy backdrop."
Sea Buckthorn (Hippophae rhamnoides)," A hardy shrub with silver-green leaves that thrives in winter, Sea Buckthorn produces bright orange berries that add color and are beneficial for health."
Evergreen Hellebore (Helleborus viridis)," Known for its ability to bloom in the late winter, Evergreen Hellebore offers greenish-white flowers that add subtle beauty to winter gardens."
Pussy Willow (Salix discolor)," A deciduous shrub known for its fuzzy catkins, Pussy Willow is one of the earliest winter bloomers, signaling the start of the coming spring."
#VALUE!,#VALUE!
Winter Jasmine (Jasminum nudiflorum)," A bright yellow flowering shrub that blooms in the dead of winter, adding a burst of color during the colder months."
Mahonia (Mahonia aquifolium)," A hardy evergreen shrub that produces clusters of yellow flowers in winter, followed by blue berries, attracting birds."
Bee Balm (Monarda didyma)," Known for its vibrant red or purple flowers, Bee Balm can bloom in late winter, attracting pollinators even during the cold months."
Wintergreen (Gaultheria procumbens)," An evergreen groundcover plant with glossy green leaves and red berries, Wintergreen adds a fragrant touch to your garden in winter."
Lungwort (Pulmonaria spp.)," A perennial that thrives in winter and produces striking flowers in blue, pink, or purple shades, often in early spring."
Coral Bells (Heuchera spp.)," Known for its colorful foliage, Coral Bells can survive winter and produce delicate flowers, offering vibrant hues of red, purple, and orange."
Russian Sage (Perovskia atriplicifolia)," This hardy shrub produces lavender-blue flowers and adds a soft, airy texture to the garden in the winter months."
Kale (Brassica oleracea)," An edible winter vegetable that remains hardy through cold months, producing vibrant purple or green leaves that can be used in cooking."
Creeping Thyme (Thymus serpyllum)," An evergreen groundcover that thrives in winter, Creeping Thyme provides fragrant foliage and pink, purple, or white flowers."
Angelonia (Angelonia angustifolia)," A heat-tolerant annual that can survive winter in warmer climates, producing spikes of colorful flowers in purple, pink, or white."
Red Hot Poker (Kniphofia uvaria)," A striking plant with tall, tubular flowers that bloom in late winter, providing vivid red or orange spikes."
Witch Hazel (Hamamelis virginiana)," A deciduous shrub that blooms in late winter with fragrant yellow flowers, often before the leaves appear."
Yellow Twig Dogwood (Cornus sericea)," Known for its bright yellow branches that stand out during the winter months, this shrub is ideal for winter gardens."
Chrysanthemum (Chrysanthemum morifolium)," Winter-blooming chrysanthemums can provide bursts of color in reds, oranges, and yellows during the cold months."
Pine (Pinus spp.)," A hardy evergreen tree that can withstand cold winters, providing structural interest and providing year-round green foliage."
Cicely (Myrrhis odorata), A hardy perennial herb that survives winter and produces delicate white flowers and aromatic foliage.
Winterberry (Ilex verticillata)," A deciduous shrub that produces bright red berries in winter, attracting birds and providing seasonal color."
Sedum (Sedum spp.)," Known for its drought-tolerant and hardy nature, Sedum adds texture and interest to winter gardens, with its fleshy leaves and late-season flowers."
Garlic Chives (Allium tuberosum)," A hardy herb that survives the winter months, with delicate white flowers and edible green leaves that are used in cooking."
Winter Rose (Helleborus orientalis)," An evergreen perennial that blooms in late winter, producing beautiful rose-like flowers in various colors."
Fatsia Japonica (Fatsia japonica)," This evergreen shrub produces large, glossy leaves that maintain their attractive appearance during the winter months."
Mountain Laurel (Kalmia latifolia)," Known for its stunning, bell-shaped flowers, Mountain Laurel blooms in late winter and can add vibrant color to shaded areas."
Jewelweed (Impatiens capensis)," A hardy plant that grows in winter and produces bright orange or yellow flowers, adding a pop of color to shady gardens."
Snowdrop (Galanthus nivalis)," One of the first flowers to bloom in winter, Snowdrops produce delicate white flowers that often push through the snow."
Alpine Aster (Aster alpinus)," A hardy perennial that can bloom in winter or early spring, with bright purple or blue flowers, offering a cool, alpine feel."
Gooseneck Loosestrife (Lysimachia clethroides)," A winter-hardy perennial with cascading white flowers, perfect for filling spaces in winter gardens."
Heavenly Bamboo (Nandina domestica), An evergreen shrub that produces clusters of red berries in winter and has colorful foliage that changes with the seasons.
Nandina (Nandina domestica)," Known for its attractive evergreen leaves and clusters of red berries in winter, this shrub can thrive in colder climates."
Winter Cress (Barbarea vulgaris)," A cold-hardy plant that produces small yellow flowers in winter, often found in woodland areas."
Spirea (Spiraea spp.)," A hardy shrub that blooms in late winter with pink or white clusters of flowers, providing excellent color contrast."
Aubrieta (Aubrieta deltoidea), This evergreen groundcover plant produces bright purple or pink flowers that bloom in early spring but can start blooming in late winter.
Golden Chain Tree (Laburnum anagyroides)," A deciduous tree that blooms with yellow flowers in late winter, adding dramatic color to gardens."
Snowbell (Styrax japonicus)," Known for its fragrant, white flowers that bloom in late winter, this tree provides beauty and elegance in cold climates."
Beautyberry (Callicarpa americana)," A hardy shrub that produces bright purple berries in winter, attracting birds and providing winter color."
Creeping Jenny (Lysimachia nummularia), A low-growing perennial that remains evergreen in winter and provides vibrant golden or green foliage.
Winter Honeysuckle (Lonicera fragrantissima)," A hardy shrub that blooms in winter with fragrant, creamy-yellow flowers that brighten the landscape."
Hardy Cyclamen (Cyclamen coum)," Known for its heart-shaped leaves and pink or white flowers, this perennial can bloom in late winter, adding color to shaded gardens."
Winter Aconite (Eranthis hyemalis)," A small flowering bulb that blooms early in the winter, producing bright yellow flowers that resemble buttercups."
Lamb’s Ear (Stachys byzantina)," Known for its soft, silvery foliage, Lamb’s Ear can withstand winter and adds texture and contrast to gardens."
Japanese Blood Grass (Imperata cylindrica)," This ornamental grass has vibrant red tips in late winter, providing dramatic color and texture."
Snow Crocus (Crocus chrysanthus)," One of the earliest bloomers of the winter, this small bulb produces purple, yellow, or white flowers that pop through the snow."
Golden-Scented Ginger (Hedychium coronarium)," Known for its fragrant white flowers that bloom in winter, this plant adds an exotic touch to garden landscapes."
Yucca (Yucca spp.)," A hardy, spiky plant that thrives in winter and produces tall flower stalks in late winter with creamy white or pale yellow flowers."
Fuchsia (Fuchsia spp.)," Some varieties of Fuchsia can bloom late into winter, adding vibrant colors of pink, purple, and red to the garden."
Hardy Fern (Dryopteris spp.)," These ferns remain evergreen and provide lush green foliage throughout the winter, adding texture and depth to garden beds."
Navelwort (Omphalodes verna)," A perennial that blooms with blue or purple flowers in late winter, offering a soft, delicate touch to cold gardens."
Lady’s Mantle (Alchemilla mollis)," A perennial with soft, rounded leaves and yellow-green flowers, Lady’s Mantle provides interest throughout the winter months."
Wormwood (Artemisia absinthium)," A hardy herb that thrives in winter, producing silvery foliage that adds a striking contrast to winter gardens."
Fennel (Foeniculum vulgare)," A hardy herb that can survive winter and produce tall, feathery flowers that attract pollinators in the colder months."
Celandine (Chelidonium majus)," Known for its bright yellow flowers, Celandine can bloom early in the winter, adding a splash of color to your garden."
Bleeding Heart (Dicentra spectabilis)," A perennial that blooms in winter or early spring, producing heart-shaped flowers in pink or white, adding charm to the garden."
Hellebore (Helleborus spp.)," Known for its ability to bloom in late winter, Hellebore produces rose-like flowers in white, pink, purple, or green shades."
Alstroemeria (Alstroemeria spp.)," Also known as the Peruvian Lily, Alstroemeria can thrive in winter climates, producing colorful flowers in red, pink, purple, or yellow."
Bluebell (Hyacinthoides non-scripta)," A hardy perennial that can bloom in early winter with delicate blue, pink, or white bell-shaped flowers."
